{"category":"Any %","gameVersion":"1.0","version":"1.0","compareTo":0,"gameRegion":"USA","segments":[{"previousPersonalBestTime":"00:00:01.41","personalBestTime":"00:00:00.70","name":"Cappy","previousTime":"00:00:00.99","currentTime":"00:00:01.22"},{"previousPersonalBestTime":"00:00:00.00","personalBestTime":"00:00:02.32","name":"Cascade","previousTime":"00:00:00.00","currentTime":"00:00:02.32"},{"previousPersonalBestTime":"00:00:00.00","personalBestTime":"00:00:04.22","name":"Sand","previousTime":"00:00:00.00","currentTime":"00:00:04.22"},{"previousPersonalBestTime":"00:00:00.00","personalBestTime":"00:00:05.44","name":"Lake","previousTime":"00:00:00.00","currentTime":"00:00:05.44"},{"previousPersonalBestTime":"00:00:00.00","personalBestTime":"00:00:06.70","name":"Wooded","previousTime":"00:00:00.00","currentTime":"00:00:06.70"},{"previousPersonalBestTime":"00:00:00.00","personalBestTime":"00:00:07.54","name":"Cloud","previousTime":"00:00:00.00","currentTime":"00:00:07.54"},{"previousPersonalBestTime":"00:00:00.00","personalBestTime":"00:00:08.72","name":"Lost","previousTime":"00:00:00.00","currentTime":"00:00:08.72"},{"previousPersonalBestTime":"00:00:00.00","personalBestTime":"00:00:13.45","name":"Metro (Night)","previousTime":"00:00:00.00","currentTime":"00:00:13.45"},{"previousPersonalBestTime":"00:00:00.00","personalBestTime":"00:00:14.60","name":"Metro (Day)","previousTime":"00:00:00.00","currentTime":"00:00:14.60"},{"previousPersonalBestTime":"00:00:00.00","personalBestTime":"00:00:15.21","name":"Seaside","previousTime":"00:00:00.00","currentTime":"00:00:15.21"},{"previousPersonalBestTime":"00:00:00.00","personalBestTime":"00:00:15.70","name":"Snow","previousTime":"00:00:00.00","currentTime":"00:00:15.70"},{"previousPersonalBestTime":"00:00:00.00","personalBestTime":"00:00:16.03","name":"Luncheon","previousTime":"00:00:00.00","currentTime":"00:00:16.03"},{"previousPersonalBestTime":"00:00:00.00","personalBestTime":"00:00:16.32","name":"Ruined","previousTime":"00:00:00.00","currentTime":"00:00:16.32"},{"previousPersonalBestTime":"00:00:00.00","personalBestTime":"00:00:16.64","name":"Bowsers","previousTime":"00:00:00.00","currentTime":"00:00:16.64"},{"previousPersonalBestTime":"00:00:00.00","personalBestTime":"00:00:17.00","name":"Moon","previousTime":"00:00:00.00","currentTime":"00:00:17.00"}],"title":"Super Mario Odyssey","attempts":3,"platform":"Switch","endTime":"2020-03-08T05:20:43Z","startTime":"2020-03-08T05:20:42Z","build":"44"}