{"title":"Super Mario Odyssey","category":"Any%","segments":[{"name":"Cap","bestTime":"00:00:00.00","currentTime":"00:00:00.00"},{"name":"Cascade","bestTime":"00:00:00.00","currentTime":"00:00:00.00"},{"name":"Sand","bestTime":"00:00:00.00","currentTime":"00:00:00.00"},{"name":"Lake","bestTime":"00:00:00.00","currentTime":"00:00:00.00"},{"name":"Wooded","bestTime":"00:00:00.00","currentTime":"00:00:00.00"},{"name":"Cloud","bestTime":"00:00:00.00","currentTime":"00:00:00.00"},{"name":"Lost","bestTime":"00:00:00.00","currentTime":"00:00:00.00"},{"name":"Metro (Night)","bestTime":"00:00:00.00","currentTime":"00:00:00.00"},{"name":"Metro (Day)","bestTime":"00:00:00.00","currentTime":"00:00:00.00"},{"name":"Seaside","bestTime":"00:00:00.00","currentTime":"00:00:00.00"},{"name":"Snow","bestTime":"00:00:00.00","currentTime":"00:00:00.00"},{"name":"Luncheon","bestTime":"00:00:00.00","currentTime":"00:00:00.00"},{"name":"Ruined","bestTime":"00:00:00.00","currentTime":"00:00:00.00"},{"name":"Bowsers","bestTime":"00:00:00.00","currentTime":"00:00:00.00"},{"name":"Moon","bestTime":"00:00:00.00","currentTime":"00:00:00.00"}]}